{
  "images" : [
    {
      "idiom" : "universal",
      "filename" : "extract.png",
      "language-direction" : "left-to-right",
      "scale" : "1x"
    },
    {
      "idiom" : "universal",
      "filename" : "extract@2x.png",
      "language-direction" : "left-to-right",
      "scale" : "2x"
    },
    {
      "idiom" : "universal",
      "filename" : "extract@3x.png",
      "language-direction" : "left-to-right",
      "scale" : "3x"
    }
  ],
  "info" : {
    "version" : 1,
    "author" : "xcode"
  }
}